name,website,twitter,facebook
中村裕之,http://www.hiro-nakamura.jp/,https://twitter.com/nakamurahiro3,https://www.facebook.com/hiroyuki.nakamura.1466126
和田義明,http://yoshiakiwada.com/,https://twitter.com/ywada_hokkaido5,https://www.facebook.com/wadayoshiaki5/
伊東良孝,http://ito-yoshitaka.jp/,,https://www.facebook.com/itoyoshitaka07
堀井学,https://horiimanabu.jp/,https://twitter.com/horiimanabu,https://www.facebook.com/jimusyo.horiimanabu
武部新,https://takebe-arata.com/,https://twitter.com/takebearata,https://www.facebook.com/TakebeArata.12/
稲津久,http://www.inatsu.com/,https://twitter.com/InatsuHisashi,https://ja-jp.facebook.com/inatsu.news
道下大樹,https://www.michishita-daiki.jp/,https://twitter.com/michishitadaiki,https://www.facebook.com/michishitadaiki/
荒井聰,http://www.hirohisa-takagi.jp/,https://twitter.com/satoshisatoshia,https://www.facebook.com/Satoshi.Arai2 1
佐々木隆博,http://www.sasaki-takahiro.jp/,https://twitter.com/sasaki_stop_tpp,https://www.facebook.com/takahiro.sasaki.54966
逢坂誠二,http://ohsaka.jp/,https://twitter.com/seiji_ohsaka,https://www.facebook.com/ohsaka.jimusho/
石川香織,http://ishikawa-kaori.jp/,https://twitter.com/ishikawakaori11,https://www.facebook.com/kaori.ishikawa.tokachi/
渡辺孝一,http://watanabekoichi.jp/,,https://www.facebook.com/watanabekoichi1957
鈴木貴子,http://www.suzukitakako.jp/,https://twitter.com/_SuzukiTakako_,https://www.facebook.com/takakosuzukidaichi
船橋利実,https://funahashi-toshimitsu.jp/,https://twitter.com/t_funahashi,https://www.facebook.com/funahashi.toshimitsu
佐藤英道,http://www.kmplan.net/usr/sato/,https://twitter.com/hidemichisato,https://www.facebook.com/hidemichi.sato.7
本多平直,http://www.hiranao.com/,https://twitter.com/pontapiranao,https://www.facebook.com/hondahiranao/
池田真紀,http://ikemaki.jp/,https://twitter.com/ikemakihonki,https://www.facebook.com/ikedamaki.rikken/
神谷裕,https://cdp-japan.jp/member/7,,
山岡達丸,http://tatumaru1979.blog.jp/,https://twitter.com/tatumaru1979,https://www.facebook.com/tatumaru1979
津島淳,http://juntu.web.fc2.com/,https://twitter.com/tsushimajun,https://www.facebook.com/%E6%B4%A5%E5%B3%B6%E6%B7%B3%E4%BA%8B%E5%8B%99%E6%89%80-1532696190310099/
大島理森,http://www.morry.jp/,https://twitter.com/tadamori_oshima,https://www.facebook.com/morry.hachinohe/
木村次郎,http://www.jiro-k.jp/,https://twitter.com/jiro_k_tsugaru,https://www.facebook.com/Jiro.Kimura.Supporters.Association/
階猛,http://shina.jp/,https://twitter.com/shinatakeshi,https://www.facebook.com/takeshi.shina
小沢一郎,http://www.ozawa-ichiro.jp/,https://twitter.com/ozawa_jimusho,
鈴木俊一,http://www.suzukishunichi.jp/,,https://ja-jp.facebook.com/people/%E9%88%B4%E6%9C%A8%E4%BF%8A%E4%B8%80/100016937237040
土井亨,http://www.doi-toru.com/,https://twitter.com/doitooru812,https://www.facebook.com/doitooru/
秋葉賢也,http://www.akiba21.net/,https://twitter.com/akibakenya,https://www.facebook.com/akibakenya/
西村明宏,http://www.a-nishimura.jp/,,
伊藤信太郎,http://www.ito-sintaro.jp/,https://twitter.com/ShintaroIto205,https://www.facebook.com/sintaro.ito.7
小野寺五典,http://www.itsunori.com/,https://twitter.com/itsunori510,
安住淳,http://azumi-jun.jp/,,
冨樫博之,http://www.togachan.jp/,https://twitter.com/hiroyukitogash,https://www.facebook.com/togashihiroyuki/
金田勝年,http://www.kaneda-k.com/,,https://www.facebook.com/kaneda.katsutoshi
御法川信英,http://minorikawa.jp/p/,https://twitter.com/minorikawa_nobu,https://www.facebook.com/minorikawa.nobu
遠藤利明,http://e-toshiaki.jp/iken-teigen,https://twitter.com/Team_e_toshiaki,https://www.facebook.com/endo.toshiaki0117/
鈴木憲和,http://suzuki-norikazu.com/,https://twitter.com/norikazu_suzuki,https://www.facebook.com/suzuki.norikazu.official/
加藤鮎子,http://kato-ayuko.net/,https://twitter.com/katoayuko_and_s,https://www.facebook.com/katoayuko.and.supporters
根本匠,https://www.t-nemoto.com/,,https://www.facebook.com/Nemoto.Official/?ref=stream
菅家一郎,https://kanke-ichiro.jp/,https://twitter.com/kanke_ichirou,https://www.facebook.com/ichiro.kanke/
吉野正芳,http://www.myoshino.com/,,https://www.facebook.com/yoshinoouen/
金子恵美,http://kaneko-emi.com/,https://twitter.com/kaneko_emi_,https://www.facebook.com/kaneko.emi.fukushima
玄葉光一郎,http://www.kgemba.com/,,
江渡聡徳,http://www.eto-akinori.jp/,https://twitter.com/ETO_Akinori,
亀岡偉民,http://www.kameokayoshitami.com/,https://twitter.com/kameokayositami,
上杉謙太郎,http://uesugi.fukushima.jp/,,https://www.facebook.com/kentaro.uesugi
高橋比奈子,http://takahashihinako.jp/,https://twitter.com/takahina7777,https://www.facebook.com/TakahashiHinako/
藤原崇,http://takasi.info/,https://twitter.com/iwate_fujiwara,https://www.facebook.com/takashi.fujiwara.iwate/
井上義久,http://www.yoshihisa.gr.jp/,,
小熊慎司,http://oguma-s.com/,https://twitter.com/oguma_shinji,https://www.facebook.com/shinji.oguma.5
緑川貴士,http://midori-kawa.jp/,https://twitter.com/green_river15t,https://www.facebook.com/%E7%B7%91%E5%B7%9D%E3%81%9F%E3%81%8B%E3%81%97-353651984803963/
岡本章子,http://okamotoakiko.net/,https://twitter.com/okamotoakiko,https://www.facebook.com/okamotoakikoofficial/
山崎誠,http://www.yamazakimakoto.jp/,https://twitter.com/yamazakimakoto,
阿久津幸彦,https://ameblo.jp/akutsu0626/,https://twitter.com/akutsu0626,
寺田学,http://www.manabu.jp/,https://twitter.com/teratamanabu/,https://www.facebook.com/teratamanabu/
高橋千鶴子,http://www.chiduko.gr.jp/,https://twitter.com/chiduko916,
田所嘉徳,http://tadokoro.moon.bindcloud.jp/,https://twitter.com/tadokoro_yoshi,https://www.facebook.com/tadokoroyoshi
額賀福志郎,http://www.nukaga-fukushiro.jp/,,
葉梨康弘,http://www.hanashiyasuhiro.com/,,
梶山弘志,https://kajiyama-office.com/,https://twitter.com/kajiyamahiroshi,https://www.facebook.com/kajiyama.hiroshi
石川昭政,https://ameblo.jp/ishikawa-akimasa/,https://twitter.com/iakimasa1,https://ja-jp.facebook.com/akimasa.ishikawa918/
国光文乃,http://kunimitsu-ayano.jp/,https://twitter.com/ayano_kunimitsu,https://www.facebook.com/kunimitsu.ayano/
中村喜四郎,,,
船田元,https://www.funada.org/,,https://www.facebook.com/Funada.Hajime/
簗和生,http://www.yanakazuo.jp/,,https://www.facebook.com/Yanakazuo/
佐藤勉,http://www.satoben.jp/,,
茂木敏充,http://www.motegi.gr.jp/,https://twitter.com/moteging,
福田昭夫,https://www.fukudaa-houtoku.com/,,https://www.facebook.com/akio417fukuda
尾身朝子,https://asako-omi.jp/,,https://www.facebook.com/AsakoOmi.jp/
井野俊郎,http://www.inooffice.jp/,,https://ja-jp.facebook.com/ino.toshiro
笹川博義,http://www.sasagawa-hiroyoshi.com/,,https://www.facebook.com/hirohiro.genki.sasagawa
福田達夫,http://tatsuo-f.jp/,https://twitter.com/TatsuoFukuda,https://www.facebook.com/tatsuo.fukuda.page/
小渕優子,http://www.obuchiyuko.com/,,
村井英樹,http://www.muraihideki.com/,https://twitter.com/muraihideki,https://www.facebook.com/hideki.murai.5
新藤義孝,http://www.shindo.gr.jp/,https://twitter.com/shindo_y,https://ja-jp.facebook.com/people/Yoshitaka-Shindo/100005256916522
黄川田仁志,http://www.kikawadahitoshi.jp/,https://twitter.com/kikawadahitoshi,https://www.facebook.com/kikawada?fref=ts
穂坂泰,http://www.toyotamayuko.com/,,https://www.facebook.com/%E7%A9%82%E5%9D%82%E6%B3%B0-123169024990139/
神山佐市,http://www.kamiyama.ne.jp/,https://twitter.com/KAMIYAMA_SAICHI,https://ja-jp.facebook.com/people/Saichi-Kamiyama/100008470713752
柴山昌彦,http://www.shibamasa.net/,https://twitter.com/shiba_masa,https://www.facebook.com/shibayama.masahiko/
大塚拓,http://www.otsukataku.jp/,,https://www.facebook.com/otsukataku.jimin/
山口泰明,http://www.taimei.tv/,https://twitter.com/taimei1,
小泉龍司,http://www.ryuji.org/,,https://www.facebook.com/koizumiryuuji/
野中厚,http://www.nonaka-atsushi.com/,https://twitter.com/nonakajimusho,
土屋品子,http://www.owls.jp/shinako/,https://twitter.com/shinako_jimusho,https://www.facebook.com/tuchiyashinako
三ッ林裕巳,http://h-mitsubayashi.com/,https://twitter.com/hiromitsubayasi,https://www.facebook.com/hiromi.mitsubayashi
田中良生,http://www.tanaka-ryosei.com/,https://twitter.com/Tanaka_Ryosei,https://www.facebook.com/ryosei.tanaka.7
枝野幸男,http://www.edano.gr.jp/,https://twitter.com/edanoyukio0531,
大島敦,http://www.oshimaatsushi.com/,,
中根一幸,https://www.nakane-kazuyuki.com/,,https://www.facebook.com/%E8%87%AA%E7%94%B1%E6%B0%91%E4%B8%BB%E5%85%9A-%E4%B8%AD%E6%A0%B9%E3%81%8B%E3%81%9A%E3%82%86%E3%81%8D-232585887274980/
永岡桂子,http://keiko-nagaoka.jp/,https://twitter.com/keiko_nagaoka,https://ja-jp.facebook.com/people/%E6%B0%B8%E5%B2%A1%E6%A1%82%E5%AD%90/100002781598616
牧原秀樹,http://hmacky.net/,https://twitter.com/hmakihara,https://www.facebook.com/HidekiMacky/
中曽根康隆,http://yasu-nakasone.com/,https://twitter.com/yasutaka_nksn,https://www.facebook.com/nakasone0119/
佐藤明男,https://www.jimin.jp/member/member_list/legislator/135985.html,,
百武公親,https://www.jimin.jp/member/member_list/legislator/135985.html,,
神田裕,https://www.jimin.jp/member/member_list/legislator/135982.html,,
石井啓一,http://www.k1-ishii.com/,,
岡本三成,http://www.m-okamoto.jp/,https://twitter.com/OkamotoOffice,
長谷川嘉一,http://hasegawa-kaichi.org/,https://twitter.com/HasegawaKaichi,https://www.facebook.com/hasegawakaichi/
山川百合子,http://www.yamakawa-yuriko.jp/,https://twitter.com/yamakawa_yuriko,https://www.facebook.com/yuriko.yamakawa.35
堀越啓仁,https://ja-jp.facebook.com/horikoshi.keinin/,https://twitter.com/horikoshikeinin,https://ja-jp.facebook.com/horikoshi.keinin/
大河原雅子,https://ookawaramasako.com/,https://twitter.com/Waku2_ookawara,https://www.facebook.com/ookawaramasako/
高木錬太郎,https://rentaro-takagi.com/,https://twitter.com/takagirentaro,https://www.facebook.com/rentarou.takagi
森田俊和,http://www.morita-toshikazu.com/,https://twitter.com/mori_morita,
青山大人,http://www.aoyamayamato.net/,https://twitter.com/aoyamayamato,
小宮山泰子,http://www.yasko.net/,https://twitter.com/@komiyama_yasko,https://www.facebook.com/komiyama.yasko
浅野哲,https://asanosatoshi.com/,https://twitter.com/Asano__Satoshi,https://www.facebook.com/satoshi.asano.564
塩川鉄也,http://www.shiokawa-tetsuya.jp/,https://twitter.com/ShiokawaTetsuya,https://www.facebook.com/shiokawa.jcp
辻清人,http://k-tsuji.jp/,https://twitter.com/tujikiyoto,https://www.facebook.com/kiyototsujitokyo2nd/
石原宏高,http://www.ishihara-hirotaka.com/,https://twitter.com/ishiharahirotak,https://www.facebook.com/ishihara.hirotaka.18
平将明,http://www.taira-m.jp/,https://twitter.com/TAIRAMASAAKI,https://www.facebook.com/tairamasaaki
若宮健嗣,http://www.k-wakamiya.com/,https://twitter.com/wakamiya7788,https://www.facebook.com/wakamiyakenji
石原伸晃,https://www.nobuteru.or.jp/,https://twitter.com/IshiharaNobu,https://www.facebook.com/ishihara.nobuteru
菅原一秀,http://www.isshu.net/,https://twitter.com/sugawaraisshu,https://www.facebook.com/sugawaraisshu
鈴木隼人,http://www.suzukihayato.jp/,https://twitter.com/HYT4ALL,https://www.facebook.com/suzukihayato.jp/
下村博文,https://www.hakubun.biz/,,https://www.facebook.com/hakubun.shimomura
鴨下一郎,https://www.kamoshita.gr.jp/,https://twitter.com/Dr_Kamo,https://www.facebook.com/%E3%81%8B%E3%82%82%E3%81%97%E3%81%9F%E4%B8%80%E9%83%8E-362335094179877/
松島みどり,http://www.matsushima-midori.jp/,https://twitter.com/matusimamidori,https://www.facebook.com/LDPmatsumido/
大西英男,http://onishi-hideo.homepe.net/,,https://www.facebook.com/0024hideo
平沢勝栄,http://hirasawa.net/,https://twitter.com/katsueihirasawa,https://www.facebook.com/hirasawakatuei/
松本洋平,http://www012.upp.so-net.ne.jp/yohei/,https://twitter.com/matsumoto_yohei,https://www.facebook.com/MatsumotoYohei.77/posts/1017455148397754
木原誠二,http://kiharaseiji.com/,https://twitter.com/kihara_seiji,
長島昭久,http://www.nagashima21.net/kibou2017/,https://twitter.com/nagashima21,https://www.facebook.com/aki.nagashima21/
伊藤達也,http://www.tatsuyaito.com/,https://twitter.com/tatsuyaito0501,https://www.facebook.com/tatsuya.ito.18
小倉將信,http://www.ogura-m.jp/,https://twitter.com/masanobu_ogura,https://www.facebook.com/ogura.masanobu/
萩生田光一,http://www.ko-1.jp/,,https://ja-jp.facebook.com/koichi.hagiuda
井上信治,http://www.inoue-s.jp/,,https://www.facebook.com/inoue.s.net
太田昭宏,https://www.akihiro-ohta.com/,https://twitter.com/teamohta,https://www.facebook.com/teamohta/
海江田万里,http://kaiedabanri.jp/,https://twitter.com/banrikaieda,https://www.facebook.com/banri.kaieda
落合貴之,http://www.ochiaitakayuki.com/,https://twitter.com/ochiaitakayuki,https://www.facebook.com/ochiaitakayuki.setagaya/
長妻昭,https://naga.tv/,https://twitter.com/nagatsumaakira,https://www.facebook.com/nagatsumaakira/
菅直人,http://n-kan.jp/,https://twitter.com/NaotoKan,https://www.facebook.com/naoto.kan.offical
秋元司,http://www.akimoto-web.jp/,https://twitter.com/akimoto_tsukasa,https://www.facebook.com/tsukasa.akimoto
山田美樹,http://miki-yamada.com/,https://twitter.com/yamada_miki,https://www.facebook.com/mikiprofile/
越智隆雄,http://ochi-takao.jp/,https://twitter.com/ochitakao,https://www.facebook.com/takao.ochi
松本文明,http://www.f-matsumoto.net/,https://twitter.com/Matsumoto_7ku,https://www.facebook.com/matsumoto.fumiaki
小田原潔,http://odawarakiyoshi.jp/,https://twitter.com/odawarakiyoshi,https://twitter.com/odawarakiyoshi
安藤高夫,https://ameblo.jp/ando-takao/,https://twitter.com/takaoando1959,https://www.facebook.com/takao.ando.395
高木啓,http://www.takagi-kei.com/,,https://www.facebook.com/Takagi.togi/
高木美智代,http://www.michiyo-t.com/,,
高木陽介,http://www.takagi21.com/,,
手塚仁雄,http://www.t440.com/,,https://www.facebook.com/t440com
末松義規,http://www.jin-m.com/,https://twitter.com/9999suematsu,
山花郁夫,http://yamahanaikuo.com/,https://twitter.com/yamahanaikuo,https://www.facebook.com/IkuoYamahana/
伊藤俊輔,http://www.i-shunsuke.com/,https://twitter.com/shun76450,https://www.facebook.com/shunsuke.ishin
松原仁,http://www.jin-m.com/,https://twitter.com/matsubarajin731,https://www.facebook.com/matsubara.jin.office
松尾明弘,https://www.matsuoakihiro.jp/,https://twitter.com/matsuo_akihiro,https://www.facebook.com/matsuoakihiro.tokyo2nd
笠井亮,http://www.kasai-akira.jp/,https://twitter.com/akibacsi,https://www.facebook.com/akira.kasai1
宮本徹,http://miyamototooru.info/,https://twitter.com/miyamototooru,https://www.facebook.com/miyamototooru.jcp
柿沢未途,http://www.310kakizawa.jp/,https://twitter.com/310kakizawa,https://www.facebook.com/mito.kakizawa
門山宏哲,http://www.kadoyama.net/,,
小林鷹之,http://www.kobayashi-takayuki.jp/,https://twitter.com/kobahawk,https://www.facebook.com/hawk.kobayashi/
松野博一,http://www.hiro-matsuno.net/,,https://www.facebook.com/%E6%9D%BE%E9%87%8E%E5%8D%9A%E4%B8%80-326565974070639/
薗浦健太郎,http://www.sonoken.org/,https://twitter.com/sonourakentaro,https://www.facebook.com/sonokenn/
渡辺博道,http://www.hiromichi21.com/,,https://www.facebook.com/hiromichi.watanabe.524
齋藤健,http://www.saito-ken.jp/,https://twitter.com/saitou_ken,
櫻田義孝,http://sakurada-yoshitaka.jp/,https://twitter.com/ysakurada,
秋本真利,http://akimotomasatoshi.com/,https://twitter.com/akimoto_chiba9,
林幹雄,http://park19.wakwak.com/~motoo/,,
森英介,http://www.morieisuke.com/,,
浜田靖一,http://www.office-hamada.jp/,,
白須賀貴樹,http://www.shirasuka-takaki.com/,,
野田佳彦,https://www.nodayoshi.gr.jp/,https://twitter.com/NODAYOSHI55,
松本純,http://www.jun.or.jp/,https://twitter.com/junmatsumoto411,https://ja-jp.facebook.com/JunMatsumoto411
菅義偉,http://www.sugayoshihide.gr.jp/,https://twitter.com/sugawitter,https://www.facebook.com/yoshihide.suga
小此木八郎,http://hachirou.com/,,https://www.facebook.com/okonogihachirou
坂井学,http://sakaimanabu.com/,https://twitter.com/sakai_manabu,https://www.facebook.com/sakaimanabu.yokohama/
鈴木馨祐,http://www.suzukikeisuke.jp/,https://twitter.com/SuzukiKeisukeMP,https://www.facebook.com/suzukikeisuke.jp/
田中和徳,http://www.tanaka-kazunori.com/,https://twitter.com/t_kazunori,
小泉進次郎,https://shinjiro.info/,,https://www.facebook.com/shinjiro.koizumi
甘利明,https://www.amari-akira.com/,https://twitter.com/Akira_Amari,
赤間二郎,http://www.akama.jp/,,https://www.facebook.com/jiroakama.jimin/
河野太郎,http://www.taro.org/,https://twitter.com/konotarogomame,https://www.facebook.com/%E6%B2%B3%E9%87%8E%E5%A4%AA%E9%83%8E-168727046514485/
義家弘介,http://www.yoshiie-hiroyuki.com/,https://twitter.com/yoshiiehiroyuki,https://www.facebook.com/h.yoshiie
牧島かれん,http://www.makishimakaren.com/,https://twitter.com/makishimakaren,https://ja-jp.facebook.com/makishimakaren/
山際大志郎,http://www.yamagiwa-daishiro.jp/,https://twitter.com/yamagiwa001,https://www.facebook.com/okonogihachirou
早稲田夕季,http://waseda-yuki.jp/,https://twitter.com/waseda_yuki,
青柳陽一郎,https://aoyagy.net/,https://twitter.com/aoyagy,https://www.facebook.com/aoyagy.net/
阿部知子,http://www.abetomoko.jp/,https://twitter.com/abe_tomoko,https://www.facebook.com/abetomoko.jp/
江田憲司,http://www.eda-k.net/,https://twitter.com/edaoffice,https://www.facebook.com/edakenji
笠浩史,http://ryu-h.net/,https://twitter.com/hirofumi_ryu,https://www.facebook.com/103hirofumiryu
中島克仁,http://katsuhito-nakajima.jp/,https://twitter.com/katsunakajima,https://www.facebook.com/%E4%B8%AD%E5%B3%B6%E5%85%8B%E4%BB%81-%E4%BA%8B%E5%8B%99%E6%89%80-469293053090825/
堀内詔子,http://genkihoriuchi.com/,https://twitter.com/genkihoriuchi,https://www.facebook.com/noriko.horiuchi.3572
出畑実,,,
中谷真一,http://www.nakatani.tv/,https://twitter.com/nakatani80,https://www.facebook.com/nakatani80
中山展宏,http://norihiro.org/,https://twitter.com/norihiron,https://www.facebook.com/norihiro.nn
星野剛士,http://t-stars.com/,https://twitter.com/hossys,https://www.facebook.com/hoshitsuyo/
山本朋広,http://www.yamamoto-tomohiro.com/,https://twitter.com/ty_polepole,
三谷英弘,http://mitani-h.net/,https://twitter.com/mitani_h,https://www.facebook.com/mitani.office
上野宏史,http://www.ueno-hiroshi.jp/,https://twitter.com/ueno_hiroshi,https://www.facebook.com/ueno.hiroshi.page
木村哲也,http://tetsuya-kimura.com/,https://twitter.com/Kimura_Tetsuya_,https://www.facebook.com/%E8%87%AA%E7%94%B1%E6%B0%91%E4%B8%BB%E5%85%9A%E5%8D%83%E8%91%89%E7%9C%8C%E7%AC%AC%E5%9B%9B%E9%81%B8%E6%8C%99%E5%8C%BA%E6%94%AF%E9%83%A8%E9%95%B7-%E6%9C%A8%E6%9D%91%E3%81%A6%E3%81%A4%E3%82%84%E4%BA%8B%E5%8B%99%E6%89%80-409534582505208/
富田茂之,http://www.shigeyuki-tomita.com/,,https://www.youtube.com/user/shigeyukitomita
古屋範子,http://www.furuya-noriko.com/,https://twitter.com/Noriko_Furuya/,https://www.facebook.com/noriko.furuya.jp
生方幸夫,http://www.ubu2.jp/,https://twitter.com/ubukatayukio66,https://www.facebook.com/%E7%94%9F%E6%96%B9%E5%B9%B8%E5%A4%AB-549802768388481/
中谷一馬,http://kazumanakatani.com/,https://twitter.com/kazuma_nakatani,https://www.facebook.com/NakataniKazuma
篠原豪,http://lets-go-yokohama.jp/,https://twitter.com/go_shinohara,https://www.facebook.com/Go.Shinohara.Go
宮川伸,http://smiyakawa.com/,https://twitter.com/Shin1Miyakawa,https://www.facebook.com/shin.miyakawa.8/
岡島一正,http://www.k-okajima.jp/,https://twitter.com/kazu_okajima,https://www.facebook.com/kazumasa.okajima
奥野総一郎,https://s-okuno.jp/,https://twitter.com/sokuno2,https://www.facebook.com/s.okuno2/
後藤祐一,http://www.jitsugen.jp/,https://twitter.com/yuichi510510,https://www.facebook.com/face.goto
谷田川元,https://www.hajime-yatagawa.com/,,https://ja-jp.facebook.com/hajimeyatagawa/
田嶋要,http://www.k-tajima.net/,https://twitter.com/kanametajima,https://www.facebook.com/tajimakaname/
畑野君枝,http://www.hatano-kimie.jp/,https://twitter.com/hatanokimie,https://www.facebook.com/kimie.hatano.9
志位和夫,http://www.shii.gr.jp/,https://twitter.com/shiikazuo,
串田誠一,https://www.kushidaseiichi.com/,https://twitter.com/KushidaOf,https://www.facebook.com/kushidaseiichi/
鷲尾英一郎,http://www.washio-e.jp/,https://twitter.com/washioeiichirou,https://www.facebook.com/%E9%B7%B2%E5%B0%BE-%E8%8B%B1%E4%B8%80%E9%83%8E-211206912260888/
泉田裕彦,http://www.h-izumida.jp/,https://twitter.com/IzumidaHirohiko,https://www.facebook.com/%E6%B3%89%E7%94%B0-%E8%A3%95%E5%BD%A6-1510624319207568/
高鳥修一,http://www.takatori.jp/,https://twitter.com/takatorishuichi,
西村智奈美,http://www.chinami.net/,https://twitter.com/chinami_niigata,https://ja-jp.facebook.com/official.nishimura.chinami
黒岩宇洋,http://www.t-kuroiwa.jp/,https://twitter.com/kuroiwatakahir1,https://www.facebook.com/takahiro.kuroiwa.94
菊田真紀子,http://www.kikuta-makiko.net/,https://twitter.com/kikuta_official,
田畑裕明,http://www.tabatahiroaki.com/,,https://www.facebook.com/tabatahiroakiteam/
宮腰光寛,https://www.mituhiro.com/,,https://www.facebook.com/miyakoshi.mitsuhiro/
橘慶一郎,http://www.t-k1.net/,,https://www.facebook.com/tachibana.keiichirou/
馳浩,http://hase-hiroshi.org/,,https://www.facebook.com/hasehiroshi.kousiki
佐々木紀,http://sasaki-hajime.jp/,https://twitter.com/hajime24331,https://www.facebook.com/start.sasaki.hajime
西田昭二,http://www.nishida-syoji.jp/,https://twitter.com/hatibe47,https://www.facebook.com/syoji.nishida.56
稲田朋美,http://www.inada-tomomi.com/,https://twitter.com/dento_to_souzo,https://www.facebook.com/tomomi.inada.5
高木毅,http://www.takagitsuyoshi.com/,,https://www.facebook.com/%E9%AB%98%E6%9C%A8%E3%81%A4%E3%82%88%E3%81%97%E6%94%AF%E6%8F%B4%E3%81%AE%EF%BD%97%EF%BD%81-732835663451367/
井出庸生,https://yousei-ide.com/,https://twitter.com/yousei_ide,https://www.facebook.com/yousei.ide.jimoto.Shinshu.NAGANO/
後藤茂之,http://www.510.to/,,
宮下一郎,http://www.m-ichiro.jp/,,
篠原孝,http://www.shinohara21.com/,,
下条みつ,http://mitsu-net.com/,https://twitter.com/mitsumatsumoto2,https://www.facebook.com/people/%E4%B8%8B%E6%9D%A1-%E3%81%BF%E3%81%A4/100024718207550
山本拓,http://yamamototaku.jp/,https://twitter.com/yamamoto_taku,
斎藤洋明,http://www.saitoh-hiroaki.jp/blog/?page_id=1531,https://twitter.com/saito_hiroaki_,https://www.facebook.com/saitohiroaki2
務台俊介,http://www.mutai-shunsuke.jp/,https://twitter.com/mutaishunsuke,https://www.facebook.com/mutai.shunsuke
細田健一,http://hosoda-kenichi.jp/,https://twitter.com/hosoda_kenichi,https://ja-jp.facebook.com/people/%E7%B4%B0%E7%94%B0%E5%81%A5%E4%B8%80/100008738145092
太田昌孝,http://www.m-oota.com/,https://twitter.com/ootamasataka,https://www.facebook.com/ota.masataka
松平浩一,https://matsudaira-office.jp/,https://twitter.com/ko_matsudaira,
山本和嘉子,https://cdp-japan.jp/member/50,https://twitter.com/wakako718,
近藤和也,http://www.kondokazuya.com/,https://twitter.com/kondokazuya_,https://www.facebook.com/kazuyakeitaiminshu
斉木武志,http://saikitakeshi.jp/,https://twitter.com/Saiki_Takeshi,https://www.facebook.com/saikitakeshi1974
藤野保史,http://fujino.jcpweb.net/,https://twitter.com/FujinoFujinooo,https://www.facebook.com/fujino.yasufumi
石崎徹,http://www.tohru-ishizaki.com/,https://twitter.com/TohruIshizaki,https://www.facebook.com/ishizaki.tohru/
野田聖子,http://www.noda-seiko.gr.jp/,https://twitter.com/noda_seiko93,https://www.facebook.com/noda.seiko
棚橋泰文,https://www.tanahashi-yasufumi.com/,,
武藤容治,http://www.mutou-youji.jp/,https://twitter.com/mutouyouji,https://www.facebook.com/mutou.youji/
金子俊平,https://www.kanekosyunpei.com/,,https://www.facebook.com/kanekosyunpei.gifu/
古屋圭司,http://www.furuya-keiji.jp/,https://twitter.com/Furuya_keiji,
上川陽子,http://www.kamikawayoko.net/,https://twitter.com/Kamikawa_Yoko,https://www.facebook.com/%E8%A1%86%E8%AD%B0%E9%99%A2%E8%AD%B0%E5%93%A1-%E3%81%8B%E3%81%BF%E3%81%8B%E3%82%8F%E9%99%BD%E5%AD%90-1679504842290545/
井林辰憲,http://t-ibayashi.com/,https://twitter.com/T_Ibayashi,https://www.facebook.com/tatsunori.ibayashi
宮澤博行,http://www.miyazawa-hiroyuki.jp/,https://twitter.com/miyazawa_japan,https://www.facebook.com/miyazawa.office/
深澤陽一,http://y-fukazawa.jp/,https://twitter.com/fukazawayoichi,https://www.facebook.com/yoichi.fukazawa
城内実,https://www.m-kiuchi.com/,,https://www.facebook.com/kiuchi0419/
塩谷立,http://www.ryu48.gr.jp/,https://twitter.com/shionoya_ryu,https://www.facebook.com/shionoya.ryu
細野豪志,https://www.goshi.org/,https://twitter.com/hosono_54,https://www.facebook.com/hosono54/
渡辺周,http://www.watanabeshu.org/,,https://www.facebook.com/watanabeshugiin
熊田裕通,http://www.kumada-hiromichi.com/,https://twitter.com/kumadahiromichi,https://www.facebook.com/kumadahiromichi/
工藤彰三,http://www.kudoshozo.jp/,https://twitter.com/kudoshozo,https://www.facebook.com/kudoshozo/
丹羽秀樹,http://www.2wa.jp/,,https://www.facebook.com/niwahideki/
伊藤忠彦,https://tadahiko-itoh.com/,https://twitter.com/tadahiko_itoh,https://www.facebook.com/tadahikoitoh1101/
長坂康正,https://nagasakayasumasa.com/,,
江崎鐵磨,http://www.tetsuma-net.com/,,https://www.facebook.com/people/%E6%B1%9F%E5%B4%8E%E9%89%84%E7%A3%A8/100022408416948
今枝宗一郎,http://www.imaeda-sou.com/,https://twitter.com/imaeda_soichiro,https://www.facebook.com/soichiro.imaeda
根本幸典,http://www.nemotoyukinori.jp/,,https://www.facebook.com/yukinori.nemoto
大西健介,https://www.oniken-web.jp/,https://twitter.com/oniken0024,https://www.facebook.com/kensuke.onishi1
近藤昭一,https://www.kon-chan.org/,https://twitter.com/kondo_shoichi,https://www.facebook.com/kondo.shoichi.giin/
赤松広隆,http://go-akamatsu.com/,https://twitter.com/rikken_akamatsu,https://www.facebook.com/rikken.akamatsu
重徳和彦,http://www.shigetoku.jp/,https://twitter.com/shigetoku2,https://www.facebook.com/kazuhiko.shigetoku
古川元久,https://www.furukawa.cc/,https://twitter.com/Fullgen/,https://www.facebook.com/FurukawaMotohisa/
山尾志桜里,http://www.yamaoshiori.jp/,https://twitter.com/ShioriYamao,https://www.facebook.com/yamaoshiori
古本伸一郎,https://s-furumoto.net/,https://twitter.com/furumoto_s11,https://www.facebook.com/furumoto.shinichiro
田村憲久,https://www.tamura-norihisa.jp/,,
三ッ矢憲生,http://www.mitsuya-norio.com/,https://twitter.com/MITSUYA_Norio,https://twitter.com/NorioMitsuya
中川正春,https://www.masaharu.gr.jp/,,https://www.facebook.com/nakagawa.masaharu
岡田克也,http://www.katsuya.net/,https://twitter.com/okada_katsuya,https://www.facebook.com/katsuyaokada
勝俣孝明,http://www.t-katsumata.com/,https://twitter.com/takaaki_katsu,https://www.facebook.com/people/Katsumata-Takaaki/100002449220587
鈴木淳司,http://suzukaze.net/,https://twitter.com/jyunji_suzuki,https://www.facebook.com/suzuki.jyunji/
川崎二郎,http://www.kawasaki-jiro.ne.jp/,,
神田憲次,http://www.kanda-kenji.jp/,https://twitter.com/kanda_kenji_,https://www.facebook.com/KandaKenji21/
池田佳隆,http://ikeda-yoshitaka.jp/,https://twitter.com/ikeda_0620,https://www.facebook.com/yoshitaka.ikeda.902
八木哲也,http://www.yagi-tetsuya.net/,,https://www.facebook.com/aichi11.yagi
青山周平,http://www.aoyama-shuhei.jp/,,https://www.facebook.com/s.aoyamajimusyo/
吉川赳,https://y-takeru.org/,,https://www.facebook.com/takeru.yoshikawa.98
大口善徳,http://www.oguchi.gr.jp/,,https://www.facebook.com/OguchiYoshinori/
伊藤渉,http://www.ito-wataru.com/,https://twitter.com/ito_wataru,https://www.facebook.com/komei.itowataru/
今井雅人,http://www.imai-masato.com/,https://twitter.com/imai_masato,https://www.facebook.com/masato.imai.7
岡本充功,http://www.mitsunori.net/,https://twitter.com/mitsunori_ok,https://www.facebook.com/okamotomitsunori/
牧義夫,http://makiyoshio.jp/,https://twitter.com/yoshiomaki758,https://www.facebook.com/maki.office/
関健一郎,http://seki-kenichiro.jp/,https://twitter.com/sekikenichiro,https://www.facebook.com/SekiKenichiro88
源馬謙太郎,http://gemma-kentaro.com/,https://twitter.com/gemmakentaro,https://www.facebook.com/gemma.kentaro
日吉雄太,http://yuta-hiyoshi.jp/,https://twitter.com/yutahiyoshi,https://www.facebook.com/hiyoshiyuta
吉田統彦,http://www.yoshitsune-kai.jp/,https://twitter.com/yoshitune1aichi ,https://www.facebook.com/%E8%A1%86%E8%AD%B0%E9%99%A2%E8%AD%B0%E5%93%A1-%E5%90%89%E7%94%B0%E3%81%A4%E3%81%AD%E3%81%B2%E3%81%93%E4%BA%8B%E5%8B%99%E6%89%80-954206421287709/
松田功,https://cdp-japan.jp/member/56,,
杉本和巳,http://sugichan.net/,https://twitter.com/sugichannet,https://www.facebook.com/s755507/
本村伸子,http://motomura.jcp-aichi.jp/,https://twitter.com/motomura_nobuko,https://www.facebook.com/nobuko.motomura.3
青山雅幸,https://www.aoyama-masayuki.com/,https://twitter.com/my_fc1,https://www.facebook.com/m.aoyama.kouenkai/
大岡敏孝,https://oooka.com/blog/contact,,https://www.facebook.com/toshitaka.ooka
上野賢一郎,http://www.uenokenichiro.jp/,https://twitter.com/ueno_kenichiro,https://www.facebook.com/uenokenichiro/
武村展英,http://nobuhide.com/,https://twitter.com/nobu_takemura,https://www.facebook.com/nobuhide.takemura
小寺裕雄,http://koterahiroo.jp/,,
伊吹文明,http://www.ibuki-bunmei.org/,,https://www.facebook.com/%E4%BC%8A%E5%90%B9-%E6%96%87%E6%98%8E-306388919504640/
田中英之,https://www.tanakahideyuki.jp/,https://twitter.com/Tanaka_Hide,https://www.facebook.com/%E8%A1%86%E8%AD%B0%E9%99%A2%E8%AD%B0%E5%93%A1%E7%94%B0%E4%B8%AD%E3%81%B2%E3%81%A7%E3%82%86%E3%81%8D%E4%BA%8B%E5%8B%99%E6%89%80-136180759793018/
本田太郎,https://www.honda-taro.jp/,https://twitter.com/kyoto_honda,https://www.facebook.com/taro.honda.90
安藤裕,https://www.andouhiroshi.jp/,https://twitter.com/andouhiroshi,https://www.facebook.com/office.ando.hiroshi/
前原誠司,http://www.maehara21.com/index.php,https://twitter.com/Maehara2016,https://www.facebook.com/seiji.maehara21
泉健太,https://www.izumi-kenta.net/,https://twitter.com/office50824963,https://www.facebook.com/office.ikenta/
大西宏幸,http://onishihiroyuki.jp/,https://twitter.com/onishi_hiroyuki,https://ja-jp.facebook.com/onishihiroyuki0715/
左藤章,http://www.akira310.com/,https://twitter.com/310akirasato,https://www.facebook.com/akira310office/
中山泰秀,http://www.iloveosaka.jp/,https://twitter.com/iloveyatchan,https://www.facebook.com/iloveyatchan/
渡嘉敷奈緒美,https://www.tokashiki.gr.jp/,https://twitter.com/naomi_tokashiki,https://www.facebook.com/naomi.tokashiki.03
大塚高司,http://www.otsuka001.com/,,
原田憲治,http://haradakenji.com/,https://twitter.com/harada_kenji,https://www.facebook.com/kenji.harada.12
宗清皇一,http://www.kouichi-munekiyo.com/,https://twitter.com/MunekiyoOffice,https://www.facebook.com/people/Kouichi-Munekiyo/100008489673816
長尾敬,https://www.tnagaoj.org/,https://twitter.com/takashinagao,https://www.facebook.com/takashinagao.j/
竹本直一,http://www.takemotonaokazu.com/,https://twitter.com/NaokazuTakemoto,https://www.facebook.com/TakemotoNaokazu/
佐藤茂樹,http://sato-shigeki.com/,https://twitter.com/shigeki3468,
國重徹,http://kunishige-toru.com/,https://twitter.com/ToruKunishige,https://www.facebook.com/toru.kunishige
伊佐進一,http://isa41.net/,https://twitter.com/isashinichi,https://www.facebook.com/isashinichi.1341/
北側一雄,http://kitagawa-sakai.jp/,https://twitter.com/kitagawa_kazuo,https://www.facebook.com/kitagawasakai/
藤田文武,https://fumitakefujita.com/,https://twitter.com/fumi_fuji,https://ja-jp.facebook.com/fumitakefujita
馬場伸幸,https://www.baba-nobuyuki.com/,https://twitter.com/baba_ishin,https://www.facebook.com/baba.ishin
遠藤敬,http://blog.livedoor.jp/akitadog/,,https://ja-jp.facebook.com/people/%E9%81%A0%E8%97%A4%E6%95%AC/100007432056229
辻元清美,http://www.kiyomi.gr.jp/,https://twitter.com/tsujimotokiyomi ,https://www.facebook.com/people/Kiyomi-Tsujimoto/100005838250019
平野博文,https://www.hhirano.jp/,https://twitter.com/HiranoHirofumi,https://www.facebook.com/hhirano.jp/
丸山穂高,https://www.h-maruyama.jp/,https://twitter.com/maruyamahodaka,https://www.facebook.com/maruyamahodaka
盛山正仁,http://www.moriyama-hashiru.jp/,https://twitter.com/moriyamamasahit,https://ja-jp.facebook.com/moriyama.masahito
関芳弘,http://3ku-seki.com/,https://twitter.com/sekiyoshihiro,https://www.facebook.com/sekiyoshihiro/
藤井比早之,http://fujiihisayuki.jp/,https://twitter.com/FujiiHisayuki,https://www.facebook.com/FujiiHisayuki
谷公一,https://www.tanikouichi.jp/,,https://www.facebook.com/people/Koichi-Tani/100004153819189
大串正樹,http://m-ogushi.com/,https://twitter.com/Ogushi_Masaki,https://www.facebook.com/masaki.ogushi
山田賢司,http://www.yamada-kenji.com/,https://twitter.com/Ymd_Knj,https://www.facebook.com/kenji.yamada.54
西村康稔,http://www.yasutoshi.jp/,https://twitter.com/nishy03,
渡海紀三朗,https://www.kisaburo.net/,https://twitter.com/tokaikisaburo,
松本剛明,http://www.m-takeaki.jp/,,https://www.facebook.com/%E6%9D%BE%E6%9C%AC-%E3%81%9F%E3%81%91%E3%81%82%E3%81%8D-211674492334258/
山口壯,http://www.mission21.gr.jp/,,https://www.facebook.com/244yamaguchi/
赤羽一嘉,https://www.akaba-now.com/,https://twitter.com/AKBhyogo2ku,https://www.facebook.com/akabakazuyoshi/
中野洋昌,http://www.nakano-hiromasa.com/,https://twitter.com/Hiro_NAKANO_,https://www.facebook.com/nakanohiromasa.office
小林茂樹,http://www.kobayashi-nara.com/,https://twitter.com/shigekinara,https://www.facebook.com/jimin.kobayashi
高市早苗,https://www.sanae.gr.jp/,https://twitter.com/takaichi_sanae,https://www.facebook.com/people/Takaichi-Sanae/100005766810070
田野瀬太道,http://www.tanose.com/,,https://ja-jp.facebook.com/tanose.kashihara
石田真敏,http://ishida-masatoshi.net/,https://twitter.com/ishidamasatoshi,https://www.facebook.com/%E8%A1%86%E8%AD%B0%E9%99%A2%E8%AD%B0%E5%93%A1-%E7%9F%B3%E7%94%B0%E7%9C%9F%E6%95%8F-593339197343271/
二階俊博,http://www.nikai.jp/,,
岸本周平,http://shuheikishimoto.jp/,https://twitter.com/shuheikishimoto,https://www.facebook.com/shuheikishimoto.jp/
奥野信亮,https://www.okunoshinsuke.jp/,,
神谷昇,http://noboru-kamitani.com/,https://twitter.com/noboru_kamitani,https://www.facebook.com/noborukamitani412/
佐藤ゆかり,http://www.satoyukari.jp/,https://twitter.com/satoyukari,https://www.facebook.com/satoyukari.jp/
木村弥生,http://www.kimuyayo.jp/,https://twitter.com/kimura841,https://www.facebook.com/kimuyayo/
岡下昌平,http://okashita-shohei.com/,https://twitter.com/Shohei_Okashita,https://www.facebook.com/shohei.okashita
谷川とむ,http://tanigawatom.com/,https://twitter.com/Tom_Tanigawa,https://www.facebook.com/tanigawa.tom
門博文,http://www.warau-kado.jp/,https://twitter.com/kado_wakayama,https://www.facebook.com/kado.warau/
大隈和英,http://www.okuma10.com/,,
繁本護,http://shigemoto.kyoto/,https://twitter.com/ShigemotoMamoru,https://www.facebook.com/MamoruShigemoto/
竹内譲,http://www.kid97.co.jp/takeuchi/,https://twitter.com/takeuchi_yuzuru,https://www.facebook.com/takeuchi.yuzuru
浮島智子,http://www.t-ukishima.net/,https://twitter.com/Tomo_Ukishima,
濱村進,http://sumuhama.com/,https://twitter.com/HamamuraSusumu,https://www.facebook.com/hamamurasusumu
鰐淵洋子,https://www.komei.or.jp/member/detail/27026137,https://twitter.com/WanibuchiYoko,https://ja-jp.facebook.com/yoko.wanibuchi/
森夏枝,https://morinatsue.net/,https://twitter.com/MoriNatsue,https://www.facebook.com/Natsue.Mori.page/
井上英孝,http://www.hidetaka-inoue.com/,https://twitter.com/hidetaka_i,https://www.facebook.com/inouehidetaka.ishin/
足立康史,http://adachiyasushi.jp/,https://twitter.com/adachiyasushi,https://www.facebook.com/issue.net
浦野靖人,https://www.uranoyasuto.net/,https://twitter.com/uranoyasuto,https://www.facebook.com/urano.yasuto/
美延映夫,http://minobe-teruo.com/,https://twitter.com/minobeteruo,https://www.facebook.com/minobeteruo
森山浩行,http://moriyama.club/,https://twitter.com/MORIYAMAhiro,https://ja-jp.facebook.com/genki.m0rim0ri
櫻井周,http://sakuraishu.net/,https://twitter.com/sakurai_shu,https://ja-jp.facebook.com/sakuraishu/?ref=page_internal
村上史好,http://park10.wakwak.com/~f-murakami/,https://twitter.com/fumiyoshi610,https://www.facebook.com/people/%E6%9D%91%E4%B8%8A%E5%8F%B2%E5%A5%BD/100011741872006
尾辻かな子,http://www.otsuji.club/,https://twitter.com/otsujikanako,https://www.facebook.com/otsujiosaka
長尾秀樹,http://nagaohideki.com/,https://twitter.com/nagaohideki_CDP,https://www.facebook.com/%E3%81%AA%E3%81%8C%E3%81%8A%E7%A7%80%E6%A8%B9-669747393123270/
馬淵澄夫,http://mabuti.net/,https://twitter.com/mabuchi_sumio,https://www.facebook.com/mabuchisumio/
山井和則,http://yamanoi.net/,https://twitter.com/yamanoikazunori,https://www.facebook.com/yamanoikazunori
穀田恵二,http://www.kokuta-keiji.jp/,https://twitter.com/kokutakeiji,https://www.facebook.com/kokutakeiji
清水忠史,http://www.shimizu-tadashi.jp/,https://twitter.com/tadashishimizu,https://www.facebook.com/shimizu.tadashi.jcp
井上一徳,http://inouekazunori.com/,https://twitter.com/kazunori_0731,https://www.facebook.com/inouekazunori0731
石破茂,http://www.ishiba.com/,https://twitter.com/shigeruishiba,https://www.facebook.com/ishibashigeru
赤澤亮正,http://www.ryosei-akazawa.com/,https://twitter.com/ryosei_akazawa,https://www.facebook.com/akazawa.ryosei/
細田博之,http://h-hosoda.jp/,https://twitter.com/hosodahiroyuki,
竹下亘,http://www.takeshita-wataru.com/,,
逢沢一郎,http://www.aisawa.net/,https://twitter.com/ichiroaisawa,https://www.facebook.com/IchiroAISAWA/
山下貴司,http://yamashita-takashi.jp/,https://twitter.com/YAMASHITA_OK,https://www.facebook.com/takashi.yamashita.7/
あべ俊子,http://abetoshiko.com/,https://twitter.com/abetoshiko,https://www.facebook.com/toshiko.abe.313
橋本岳,https://ga9.jp/,https://twitter.com/ga9_h,https://www.facebook.com/%E6%A9%8B%E6%9C%AC%E5%B2%B3%E4%BA%8B%E5%8B%99%E6%89%80-183786875158965/
加藤勝信,http://www.katokatsunobu.net/,,https://www.facebook.com/katsunobu.kato.7
岸田文雄,http://www.kishida.gr.jp/,,https://www.facebook.com/kishdafumio
平口洋,http://www.hiraguchi.com/,https://twitter.com/katsukawai,https://www.facebook.com/hiraguchihiroshi/
新谷正義,https://www.shintani-m.jp/,,https://www.facebook.com/shintani.officialpage
寺田稔,http://www.teradaminoru.com/index.php,https://twitter.com/terada124,https://www.facebook.com/teradaminoru
小林史明,http://fumiaki-kobayashi.jp/,https://twitter.com/kb2474,https://www.facebook.com/fumiaki.kobayashi0408
佐藤公治,https://www.satoukouji.com/,https://twitter.com/kouji_satou,https://www.facebook.com/kouj.sato/
河井克行,http://www.kawaikatsuyuki.com/,https://twitter.com/katsukawai,https://www.facebook.com/kawaikatsuyuki/
高村正大,http://www.koumura.net/,,https://www.facebook.com/%E9%AB%98%E6%9D%91-%E6%AD%A3%E5%A4%A7-1536468149772890/
岸信夫,http://kishi-jpn.com/,https://twitter.com/KishiNobuo,https://www.facebook.com/kishinobuo
河村建夫,http://www.tspark.net/,https://twitter.com/takeokawamura,https://www.facebook.com/tspark.net/
安倍晋三,http://www.s-abe.or.jp/,https://twitter.com/AbeShinzo,https://www.facebook.com/abeshinzo
小島敏文,http://www.kojima-toshifumi.jp/,,https://www.facebook.com/kojimatoshifumi.fp
杉田水脈,http://sugitamio.net/,https://twitter.com/miosugita,https://www.facebook.com/mio.sugita.5
池田道孝,http://ikedamichitaka.main.jp/,,
古田圭一,http://furuta-keiichi.com/,,
畦元将吾,http://azemoto.jp/,,
斉藤鉄夫,http://www.saitotetsuo.com/,https://twitter.com/saitotetsuo,https://www.facebook.com/komei.tetsuosaito/
桝屋敬悟,http://www.komei.or.jp/km/masuya-keigo/,,https://www.facebook.com/masuya.keigo.komei/
亀井亜紀子,http://akikokamei.com/,https://twitter.com/kameiakikoweb,https://www.facebook.com/akiko.kamei.official/
津村啓介,http://www.tsumura.org/,https://twitter.com/Tsumura_Keisuke,https://www.facebook.com/tsumura1027
柚木道義,http://www.yuzu.jp/,https://twitter.com/yunoki_m,https://www.facebook.com/%E6%9F%9A%E6%9C%A8%E3%81%BF%E3%81%A1%E3%82%88%E3%81%97%E4%BA%8B%E5%8B%99%E6%89%80-381472052027989/
高井崇志,http://www.takaitakashi.com/,https://twitter.com/t_takai,https://www.facebook.com/takashi.takai.okayama/
後藤田正純,https://gotoda.com/,https://twitter.com/MasazumiGotoda,https://ja-jp.facebook.com/gotoda.masazumi/
山口俊一,https://www.yamashun.jp/,,https://www.facebook.com/tokushima.yamaguchi/
平井卓也,https://www.hirataku.com/,https://twitter.com/hiratakuchan,https://www.facebook.com/hiratakuchan
大野敬太郎,http://keitaro-ohno.com/,https://twitter.com/keitaro_ohno,https://www.facebook.com/keitaro.ohno.page/
玉木雄一郎,http://www.tamakinet.jp/,https://twitter.com/tamakiyuichiro,https://www.facebook.com/tamakinet55/
塩崎恭久,https://www.y-shiozaki.or.jp/,https://twitter.com/yasu_shio,https://www.facebook.com/shiozakiyasuhisa
村上誠一郎,http://sei-murakami.jp/,,https://www.facebook.com/murakamiseiichiro
山本公一,http://www.netwave.or.jp/~kochan-y/,,https://www.facebook.com/koichi.y.uwajima
白石洋一,http://shiraishi.cc/,https://twitter.com/shiraishiyoichi,https://ja-jp.facebook.com/yoichi.shiraishi.1
中谷元,https://nakatanigen.jp/,,https://www.facebook.com/nakatani.gen/
広田一,http://www.hirota1.com/,https://twitter.com/hirota11,https://www.facebook.com/nipponkaishingogo
福井照,http://www.fukuiteru.com/,,
福山守,http://fukuyama-mamoru.com/,,
山本有二,http://yamamotoyuji.com/,https://twitter.com/yamamotoyuji,https://www.facebook.com/yamamotoyuji.staff
石田祝稔,http://www.komei.or.jp/km/ishida-noritoshi/,https://twitter.com/ishidanoritoshi,https://www.facebook.com/noritoshi.ishida.komei/
武内則男,http://shimin-net.com/,https://twitter.com/NorioKochi,https://twitter.com/NorioKochi
小川淳也,http://www.junbo.org/,https://twitter.com/junyaog,https://www.facebook.com/people/%E5%B0%8F%E5%B7%9D%E6%B7%B3%E4%B9%9F/100002343830458
井上貴博,http://inouetakahiro.jp/,,
鬼木誠,http://www.onikidon.com/,,https://www.facebook.com/office.onikidon/
古賀篤,http://kogaatsushi.com/,https://twitter.com/kogaatsushi,https://www.facebook.com/kogaatsushi03/
宮内秀樹,http://miyauchihideki.jp/,https://twitter.com/MiyauchiHideki,https://www.facebook.com/MiyauchiHideki
原田義昭,http://chikushino.jimdo.com/,https://twitter.com/yoshiaki_harada,https://www.facebook.com/Yoshiaki4192
鳩山二郎,,,https://www.facebook.com/%E9%B3%A9%E5%B1%B1-%E4%BA%8C%E9%83%8E-611761022337730/
藤丸敏,http://www.fujimaru-satoshi.net/,,https://www.facebook.com/fujimaru.satoshi
麻生太郎,http://www.aso-taro.jp/,https://twitter.com/taro_aso_,https://www.facebook.com/%E9%BA%BB%E7%94%9F-%E5%A4%AA%E9%83%8E-223549501015740/
三原朝彦,http://www.mihara.gr.jp/,https://twitter.com/miharaasahiko,https://www.facebook.com/asahiko.mihara
山本幸三,http://www.yamamotokozo.com/,https://twitter.com/yamamotogiin,https://www.facebook.com/yamamotokozogiin
武田良太,https://www.ryota.gr.jp/,,
原口一博,http://haraguti.com/,https://twitter.com/kharaguchi,https://www.facebook.com/kharagucih/
大串博志,http://www.oogushi.com/,https://twitter.com/OogushiHiroshi,https://www.facebook.com/oogushihiroshi/
加藤寛治,http://katokanji.com/,,https://www.facebook.com/katokanji0424/
谷川弥一,http://www.tanigawa81.jp/,,https://www.facebook.com/tanigawayaichi
北村誠吾,http://www.seigo.info/,,https://www.facebook.com/people/%E5%8C%97%E6%9D%91%E8%AA%A0%E5%90%BE/100022557900462
西岡秀子,https://nishiokahideko.com/,,https://www.facebook.com/nishiokahideko.nagasaki/
木原稔,http://kiharaminoru.jp/,https://twitter.com/kihara_minoru,https://ja-jp.facebook.com/kiharaminoru.official/
野田毅,http://nodatakeshi.com/,,https://www.facebook.com/nodatakeshi.page/
坂本哲志,http://www.tetusi.com/,,https://www.facebook.com/tetusiman/
金子恭之,http://www.kaneko-yasushi.com/,https://twitter.com/nekotanchan,
穴見陽一,http://www.anamin.net/,,https://www.facebook.com/anamiyoichi
衛藤征士郎,http://www.seishiro.jp/,https://twitter.com/etoseishiro,https://www.facebook.com/SeishiroEto
岩屋毅,http://www.t-iwaya.com/,,https://www.facebook.com/iwayajimusho/
武井俊輔,http://www.s-takei.jp/,https://twitter.com/syunsuke_takei,https://www.facebook.com/takeisyunsuke/
江藤拓,https://eto-taku.jp/,,
古川禎久,http://www.furukawa-yoshihisa.com/,,https://www.facebook.com/%E5%8F%A4%E5%B7%9D%E3%82%88%E3%81%97%E3%81%B2%E3%81%95%E4%BA%8B%E5%8B%99%E6%89%80-287779935032912/
金子万寿夫,http://kanekomasuo.jp/,,https://www.facebook.com/kanekomasuo
小里泰弘,,,https://www.facebook.com/people/%E5%B0%8F%E9%87%8C%E6%B3%B0%E5%BC%98/100017315655268
森山裕,http://www.moriyama-hiroshi.com/,,
川内博史,http://www.kawauchi-hiroshi.net/,https://twitter.com/kawauchihiroshi,https://www.facebook.com/%E5%B7%9D%E5%86%85%E5%8D%9A%E5%8F%B2-248245398550506/
赤嶺政賢,http://jcpakamine.webcrow.jp/,https://twitter.com/akamineseiken,https://www.facebook.com/akamineseiken
照屋寛徳,http://terukan.ti-da.net/,,
屋良朝博,http://www.yaratomo.com/,https://twitter.com/yaratomohiro,https://www.facebook.com/tomo.yara.7
西銘恒三郎,http://nishime-k.com/,https://twitter.com/NishimeKosaburo,https://www.facebook.com/kousaburou.nishime
宮路拓馬,http://miyaji-takuma.com/,https://twitter.com/miyajitakuma,https://www.facebook.com/miyaji.takuma
今村雅弘,http://www.imamura-masahiro.com/,,
古川康,http://www.power-full.com/,,https://www.facebook.com/55furukawa.yasushi
國場幸之助,http://www.konosuke.com/,https://twitter.com/kokubkonosuke,https://www.facebook.com/kokubakonosuke
冨岡勉,http://www.dream-nagasaki.jp/tomioka.php,https://twitter.com/55tsutomu2106,https://www.facebook.com/tomioka2tom/
岩田和親,http://www.k-iwata.jp/,https://twitter.com/Kazuchika_Iwata,https://www.facebook.com/kazuchika.iwata
宮﨑政久,http://www.miyazakirin.com/,https://twitter.com/Miyazaki_kirin,https://www.facebook.com/masahisa.miyazaki.9
江田康幸,http://www.eda-yasuyuki.net/,,
遠山清彦,http://www.toyamakiyohiko.com/,https://twitter.com/kiyohiko_toyama,https://www.facebook.com/toyama.kiyohiko1
浜地雅一,https://twitter.com/hamachi_m,https://twitter.com/hamachi_m,https://www.facebook.com/hamachi.masakazu
横光克彦,https://cdp-japan.jp/member/75,https://twitter.com/yokomitsu_oita3,
山内康一,https://www.kou1.info/,https://twitter.com/yamauchiko1,https://www.facebook.com/yamauchi.office/
矢上雅義,https://cdp-japan.jp/member/74,https://twitter.com/masa_yagami,
稲富修二,https://www.inatomi.jp/,https://twitter.com/inatomi_office,https://www.facebook.com/inatomi.news/
城井崇,http://kiitaka.net/,https://twitter.com/kiitakashi,
吉川元,http://yoshikawahajime.blog.fc2.com/,https://twitter.com/yoshikawahajime,https://www.facebook.com/YoshikawaHajime.Oita/
田村貴昭,http://jcptamura.webcrow.jp/,https://twitter.com/TAMURATAKAAKI,https://www.facebook.com/tamuratakaaki/
中山成彬,http://nakayamanariaki.com/,https://twitter.com/nakayamanariaki,
吉良州司,http://www.kirashuji.com/,,https://www.facebook.com/kirashuji/
下地幹郎,http://www.mikio.gr.jp/,https://twitter.com/mikioshimoji,https://www.facebook.com/ShimojiMikio/
岩本剛人,https://www.iwamoto-t.jp/,https://twitter.com/iwamoto_tsuyo,https://www.facebook.com/tsuyohitoiwamoto/
高橋はるみ,http://haruchan.jp/,https://twitter.com/harumi_takahasi,https://www.facebook.com/takahashi.hokkaido.5/
長谷川岳,http://www.hasegawagaku.jp/,https://twitter.com/gaku_hasegawa,https://www.facebook.com/hasegawagaku
徳永エリ,http://tokunaga-eri.jp/,https://twitter.com/tokunaga_eri,https://www.facebook.com/eri.tokunaga.79
鉢呂吉雄,http://hachiro86.jp/,https://twitter.com/hachiroyoshio,https://www.facebook.com/people/%E3%81%AF%E3%81%A1%E3%82%8D-%E3%82%88%E3%81%97%E3%81%8A/100008577646078
勝部賢志,https://katsube-kenji.jp/,https://twitter.com/katsubekenji,https://www.facebook.com/people/Kenji-Katsube/100007559386668
滝沢求,https://www.takisawamotome.com/,https://twitter.com/takisawamotome,https://www.facebook.com/motome.takisawa
田名部匡代,http://www.masayo.gr.jp/,https://twitter.com/masayo_tanabu,https://ja-jp.facebook.com/tanabumasayo/
木戸口英司,http://e-kidoguchi.net/,https://twitter.com/ekidoguchi,
横沢高徳,https://yokosawa.net/,https://twitter.com/TeamYokosawa,https://www.facebook.com/yokosawat
石垣のりこ,http://www.norikorock.com/,https://twitter.com/norinotes,https://www.facebook.com/NORIKOROCK2019
櫻井充,http://www.dr-sakurai.jp/,https://twitter.com/drsakurai,https://www.facebook.com/drsakuraimitsuru/
石井浩郎,http://ishii-hiroo.jp/,,
寺田静,https://teratashizuka.com/,https://twitter.com/teratashizuka,https://www.facebook.com/shizukaterata/
舟山康江,http://www.y-funayama.jp/,https://twitter.com/yasue_funayama0,https://www.facebook.com/yasue.funayama
芳賀道也,https://www.hagamichiya.com/,https://twitter.com/hagamichiya,https://www.facebook.com/hagamichiya/
森まさこ,http://www.morimasako.com/,https://twitter.com/morimasakosangi,https://www.facebook.com/morisangiin
増子輝彦,https://teruhiko-mashiko.com/,https://twitter.com/Mashiko_sangiin,https://www.facebook.com/mashikoteruhiko
岡田広,http://www.okada-hiroshi.com/,,https://ja-jp.facebook.com/okadahiroshi.ibaraki/
上月良祐,http://www.kouzuki-r.com/,https://twitter.com/kozuki_ryosuke,https://www.facebook.com/ryosuke.kozuki.3
小沼巧,https://www.onumatakumi.com/,https://twitter.com/onuchan1221,https://www.facebook.com/Takumi.ONUMA
郡司彰,https://www.gunji-akira.com/,,https://www.facebook.com/gunji.akira.book
上野通子,http://ueno-michiko.jp/,,https://www.facebook.com/michinet.tochigi
高橋克法,https://www.katsunori.info/,,https://www.facebook.com/TakahashiKatsunoriOfficial
清水真人,http://shimizumasato.com/,,https://www.facebook.com/shimizumasato.official/
中曽根弘文,http://www.hiro-nakasone.com/,,https://www.facebook.com/hirofumi.nakasone.f/
関口昌一,http://www.sekiguchi-masakazu.com/,https://twitter.com/sekiguchi0229,https://www.facebook.com/sekiguchimasakazu1104
古川俊治,https://www.toshiharu-furukawa.jp/,,https://www.facebook.com/furukawatoshiharu
西田実仁,http://www.nishida-makoto.jp/,https://twitter.com/m_nishida,https://www.facebook.com/makoto.nishida.page/
矢倉克夫,http://www.yakura-katsuo.jp/,https://twitter.com/Yakura_Katsuo,https://www.facebook.com/yakura.katsuo/
熊谷裕人,http://www.kumachan55.jp/,https://twitter.com/KumagaiHiroto,https://www.facebook.com/hiroto.kumagai.7
伊藤岳,http://ito-gaku.jp/,https://twitter.com/gaku_ito,https://m.facebook.com/gaku.ito.jcp
上田清司,https://ueda-kiyoshi.com/,,https://www.facebook.com/%E4%B8%8A%E7%94%B0%E3%81%8D%E3%82%88%E3%81%97-1612980045640985/
石井準一,http://www.ishii-junichi.com/,https://twitter.com/Junichi141,https://www.facebook.com/keit141/
猪口邦子,http://www.kunikoinoguchi.jp/,https://twitter.com/kunikoinoguchi,https://www.facebook.com/inoguchikuniko
豊田俊郎,https://toyodatoshiro.jp/,https://twitter.com/toyodatoshiro,https://www.facebook.com/toyodatoshiro
元榮太一郎,http://motoetaichiro.jp/,https://twitter.com/motoetaichiro,https://www.facebook.com/motoetaichiro/
長浜博行,http://www.nagahamahiroyuki.com/,https://twitter.com/nagahama1020,https://www.facebook.com/hhnagahama
小西洋之,http://konishi-hiroyuki.jp/,https://twitter.com/konishihiroyuki,https://www.facebook.com/sangiin.hiroyukikonishi/
武見敬三,http://www.takemi.net/,https://twitter.com/TakemiKeizo,https://www.facebook.com/keizo.takemi.fan
中川雅治,http://www.nakagawa-masaharu.jp/,https://twitter.com/Nakagawa_Tokyo,https://www.facebook.com/nakagawa.masaharu.tokyo/
丸川珠代,http://www.t-marukawa.jp/,https://twitter.com/marukawatamayo,https://www.facebook.com/marukawatamayo
朝日健太郎,http://asahikentaro.tokyo/,https://twitter.com/kentaroasahi,
竹谷とし子,http://takeya-toshiko.jp/,https://twitter.com/t_takeya,https://www.facebook.com/takeyatoshiko/
山口那津男,https://www.n-yamaguchi.gr.jp/,https://twitter.com/yamaguchinatsuo,https://www.facebook.com/yamaguchi720/
小川敏夫,http://www.ogawatoshio.com/,https://twitter.com/OgawaToshioMP,https://ja-jp.facebook.com/ogawatoshioMP/
蓮舫,http://renho.jp/,https://twitter.com/renho_sha,https://www.facebook.com/%E8%93%AE%E8%88%AB%E4%BA%8B%E5%8B%99%E6%89%80-362536237192710/
塩村文夏,https://shiomura-ayaka.com/,https://twitter.com/shiomura,https://www.facebook.com/shiomuraayakatokyo/
吉良よし子,http://kirayoshiko.com/,https://twitter.com/kirayoshiko,https://www.facebook.com/yoshikokira.official
山添拓,http://www.yamazoetaku.com/,https://twitter.com/pioneertaku84,https://www.facebook.com/%E5%B1%B1%E6%B7%BB-%E6%8B%93-475006202668512/
音喜多駿,https://otokitashun.com/,https://twitter.com/otokita,https://ja-jp.facebook.com/otokitashun
島村大,https://www.shimamuradai.jp/,https://twitter.com/shimamura_dai,https://www.facebook.com/kanagawa.shimamura
中西健治,http://www.nakanishikenji.jp/,https://twitter.com/Kenji_Nakanishi,https://www.facebook.com/Nakanishi.Kenji.giin/
三原じゅん子,http://www.miharajunco.org/,https://twitter.com/miharajunco,https://www.facebook.com/junco.mihara
佐々木さやか,https://sasaki-sayaka.com/,https://twitter.com/sayaka_sasaki,https://www.facebook.com/sayaka.sasaki.jp
三浦信祐,https://miura-nobuhiro.com/,https://twitter.com/miura_nobuhiro,https://www.facebook.com/miura.nob
牧山ひろえ,http://www.makiyama-hiroe.jp/,https://twitter.com/makiyama1192,https://ja-jp.facebook.com/hiroe.makiyama
真山勇一,https://www.mayamayuichi.com/,https://twitter.com/MayamaMia,https://ja-jp.facebook.com/yuichi.mayama.9
松沢成文,http://www.matsuzawa.com/,https://twitter.com/matsuzawaoffice,https://www.facebook.com/matsuzawacom/
森屋宏,http://www.moriya-hiroshi.com/,,https://www.facebook.com/info.moriya/
宮沢由佳,http://yuka-m.com/,https://twitter.com/chibikkorijicho,https://www.facebook.com/yukanet2016/
森ゆうこ,http://www.mori-yuko.com/,https://twitter.com/moriyukogiin,https://www.facebook.com/yuko.mori.75873
打越さく良,https://www.tomonisaku-niigata.com/,https://twitter.com/TomoniSaku2019,https://www.facebook.com/%E3%81%86%E3%81%A1%E8%B6%8A%E3%81%95%E3%81%8F%E3%82%89%E4%BA%8B%E5%8B%99%E6%89%80-2042302809225452/
堂故茂,https://www.douko-shigeru.com/,,https://www.facebook.com/shigeru.doko
野上浩太郎,http://www.kotaro.net/,https://twitter.com/kotaronogami,https://www.facebook.com/nogamikotaro.net/
岡田直樹,http://okada-naoki.net/,https://twitter.com/okada_naoki,
山田修路,http://yamada-syuji.com/,https://twitter.com/yamadashuji55,https://www.facebook.com/yamadasyuji.ishikawa/
滝波宏文,https://www.takinami.info/,https://twitter.com/HiroTakinami,https://www.facebook.com/hirofumi.takinami/
山崎正昭,http://www.m-yamazaki.com/,,
杉尾秀哉,http://sugio.club/,,https://www.facebook.com/sugio930
大野泰正,http://ohno-yasutada.com/,https://twitter.com/ohno_yasutada,https://www.facebook.com/ohno.yasutada/
渡辺猛之,http://www.watanabetakeyuki.jp/,,https://www.facebook.com/takeyuki0418/
岩井茂樹,http://101prj.com/,,https://www.facebook.com/iwai.official
牧野京夫,http://makino-net.com/,https://twitter.com/makinotakao,https://www.facebook.com/%E7%89%A7%E9%87%8E%E3%81%9F%E3%81%8B%E3%81%8A%E4%BA%8B%E5%8B%99%E6%89%80-533054890091497/
榛葉賀津也,http://www.k-shimba.com/,https://twitter.com/SHIMBA_OFFICE,https://www.facebook.com/kazuya.shimba.7
平山佐知子,http://hirayamasachiko.com/,https://twitter.com/hirayamasachiko,
酒井庸行,http://www.sakai-yasuyuki.com/,https://twitter.com/YasuyukiSakai,https://www.facebook.com/sakai.yasuyuki.98
藤川政人,http://fujikawa-masahito.com/,https://twitter.com/FujikawaSangiin,https://www.facebook.com/%E5%8F%82%E8%AD%B0%E9%99%A2%E8%AD%B0%E5%93%A1-%E8%97%A4%E5%B7%9D%E6%94%BF%E4%BA%BA-FAN-PAGE-141478519268078/
里見隆治,http://satomi-ryuji.com/,https://twitter.com/satomi_ryuji,https://www.facebook.com/satomi.komei/
安江伸夫,https://yasue-nobuo.com/,https://twitter.com/yasue_nobuo,https://www.facebook.com/yasue.nobuo/
大塚耕平,http://ohtsuka-kohei.jp/,https://twitter.com/kouhei1005mon,https://www.facebook.com/people/Kouhei-Ohtsuka/100005621768046
伊藤孝恵,http://itoutakae.info/,https://twitter.com/itotakae0630,https://ja-jp.facebook.com/itotakae0630/
田島麻衣子,https://www.maiko-tajima.com/,https://twitter.com/maiko_tajima,https://www.facebook.com/555maikotajima
斎藤嘉隆,http://saitoyoshitaka.com/,https://twitter.com/saito_yoshitaka,https://www.facebook.com/people/Yoshitaka-Saito/100004563074047
吉川ゆうみ,http://www.yoshikawa-yuumi.jp/,https://twitter.com/YoshikawaYuumi,https://www.facebook.com/Yoshikawa.Yuumi/
芝博一,http://www.shiba-hirokazu.com/,https://twitter.com/shiba4855,https://www.facebook.com/shibahirokazu48/
小鑓隆史,http://www.koyaritakashi.net/,https://twitter.com/koyari_shiga,https://www.facebook.com/koyaritakashi
嘉田由紀子,https://kadayukiko.jp/,https://twitter.com/kadayukiko,https://www.facebook.com/kadayukiko2/
西田昌司,http://www.showyou.jp/,https://twitter.com/j_shoujinishida,https://www.facebook.com/shoujinishida/
二之湯智,http://www.ninoyusatoshi.com/,https://twitter.com/ninoyu_satoshi,https://www.facebook.com/ninoyu.satoshi2016/?fref=nf
福山哲郎,http://www.fukuyama.gr.jp/,https://twitter.com/fuku_tetsu,https://www.facebook.com/fukuyamatetsuro/
倉林明子,http://kurabayashi-akiko.jp/,https://twitter.com/kurabayashia,https://www.facebook.com/kurabayashi.akiko
浅田均,http://asd2a.com/,https://twitter.com/asalogue,https://www.facebook.com/hitoshi.asada.10
高木佳保里,http://kaori-takagi.com/,https://twitter.com/takagikaori1010,https://www.facebook.com/1010kaoritakagi/
東徹,http://www.azuma-toru.com/,https://twitter.com/toru_azuma,https://www.facebook.com/AzumaToru/
梅村みずほ,https://umemura-mizuho.com/,https://twitter.com/mizuho_ishin,https://www.facebook.com/mizuho.umemura
太田房江,http://osaka-fus.com/,https://twitter.com/fusaeoota,https://www.facebook.com/otafusaefunsite/
松川るい,http://www.matsukawa-rui.jp/,https://twitter.com/Matsukawa_Rui,https://www.facebook.com/Matsukawa.Rui/
石川博崇,http://www.hiro-ishikawa.net/,https://twitter.com/Hiro_Ishikawa,https://www.facebook.com/hirotaka.ishikawa2
杉久武,http://sugi-hisatake.com/,https://twitter.com/hisatake_sugi,https://www.facebook.com/hisatake.sugi/
末松信介,http://suematsu.org/,,https://ameblo.jp/shinsuke-suematsu/
加田裕之,https://kadahiroyuki.com/,https://twitter.com/kadahiroyuki,https://www.facebook.com/%E5%8A%A0%E7%94%B0-%E8%A3%95%E4%B9%8B-586187035129131/
伊藤孝江,http://ito-takae.com/,https://twitter.com/ito_takae,https://www.facebook.com/itotakae.hyogo/
高橋光男,https://takahashi-mitsuo.com/,https://twitter.com/takahashimitsu7,https://www.facebook.com/takahashimitsuo18/
片山大介,http://katayama-daisuke.com/,https://twitter.com/katayamayusuke,https://www.facebook.com/katayamadaisuke106
清水貴之,http://www.shimizu-takayuki.com/,https://twitter.com/CoTakayuki,https://www.facebook.com/S.Takayuki/
堀井巌,http://iwao.nara.jp/,https://twitter.com/iwaonarajp,https://www.facebook.com/i.horii.nara
佐藤啓,http://sato-kei.jp/,https://twitter.com/sato_kei_nara,https://www.facebook.com/sato.kei.jp/
世耕弘成,http://sekohiroshige.jp/,https://twitter.com/sekohiroshige,https://facebook.com/sekohiroshige
鶴保庸介,http://www.tsuruho.com/,https://twitter.com/tsuruhoyosuke,
舞立昇治,http://www.maitachi.com/,,https://www.facebook.com/maitachi.shouji
青木一彦,http://www.aokikazuhiko.jp/,,
石井正弘,http://ishii-masahiro.jp/,https://twitter.com/ishiimasahir0,https://www.facebook.com/masahiro.ishii.3511
小野田紀美,http://onodakimi.com/,https://twitter.com/onoda_kimi,https://www.facebook.com/OnodaKimi.Okayama/
宮沢洋一,https://www.miyazawa-yoichi.com/,,
森本真治,http://www.morimori.net/,https://twitter.com/Morimoto_Shinji,https://www.facebook.com/shinji.morimoto.355
柳田稔,https://www.yarukida.com/,,
河井案里,http://www.anrinet.com/,https://twitter.com/official_anri,https://www.facebook.com/kawaianri/
江島潔,http://www.kiyoshi-ejima.jp/,https://twitter.com/agp1957,
林芳正,https://www.yoshimasa.com/,https://twitter.com/hayashi09615064,https://www.facebook.com/yoshimasa.hayashi.giinz
磯崎仁彦,http://www.isozaki-yoshihiko.com/,https://twitter.com/isozakiyoshi,https://ja-jp.facebook.com/yoshihiko.isozaki.1
三宅伸吾,http://www.miyakeshingo.net/index.php,https://twitter.com/miyakeshingo,https://www.facebook.com/%E4%B8%89%E5%AE%85%E3%81%97%E3%82%93%E3%81%94-1390614697821367/
永江孝子,https://nagaetakako.com/,https://twitter.com/takakonagae,https://www.facebook.com/nagaetakako/
山本順三,http://www.j-yamamoto.net/,https://twitter.com/jyunzo_yamamoto,https://www.facebook.com/Yamamoto.Junzo/
中西祐介,http://yusuke-nakanishi.jp/index.php,https://twitter.com/nakanishiyusuke,https://www.facebook.com/%E4%B8%AD%E8%A5%BF-%E7%A5%90%E4%BB%8B-%E5%8F%82%E8%AD%B0%E9%99%A2%E8%AD%B0%E5%93%A1-%E5%BE%B3%E5%B3%B6%E9%AB%98%E7%9F%A5%E9%81%B8%E6%8C%99%E5%8C%BA-183016952047014/
高野光二郎,http://kohjiro.jp/,https://twitter.com/takanokohjiro,https://www.facebook.com/takano.kojiro/
大家敏志,http://oie-satoshi.com/,,https://www.facebook.com/ooiesatoshi/
松山政司,http://matsuyama-masaji.com/,,https://www.facebook.com/MasaziToAsuwotukuru/
下野六太,http://shimono-rokuta.jp/,https://twitter.com/shimonorokuta,https://www.facebook.com/shimonorokuta/
高瀬弘美,http://takase-hiromi.com/,https://twitter.com/takasehiromi163,https://www.facebook.com/%E9%AB%98%E7%80%AC%E3%81%B2%E3%82%8D%E3%81%BF-932631700148373/
野田国義,http://nodakuniyoshi.net/,https://twitter.com/nodakuniyoshi,https://www.facebook.com/nodakuniyoshi
古賀之士,http://koga-yukihito.jp/,https://twitter.com/koga_yukihito,https://www.facebook.com/%E5%8F%A4%E8%B3%80%E4%B9%8B%E5%A3%AB-%E3%81%93%E3%81%8C%E3%82%86%E3%81%8D%E3%81%B2%E3%81%A8-%E5%BE%8C%E6%8F%B4%E4%BC%9A-1682335018713193/
福岡資麿,https://www.takamaro.jp/,,https://www.facebook.com/takamaro.fukuoka/
山下雄平,https://www.yuhey.jp/,https://twitter.com/Yuhey4YOU,https://www.facebook.com/yuheyyamashita/
金子原二郎,http://www.kaneko-genjiro.jp/,,https://www.facebook.com/%E9%87%91%E5%AD%90%E5%8E%9F%E4%BA%8C%E9%83%8E-721578167945808/
古賀友一郎,http://www.koga-yuichiro.jp/,https://twitter.com/KogaYuichiro_O,https://www.facebook.com/%E5%8F%A4%E8%B3%80%E5%8F%8B%E4%B8%80%E9%83%8E%E5%BE%8C%E6%8F%B4%E4%BC%9A-156351827877680/
馬場成志,https://www.babaseishi.jp/,,https://www.facebook.com/seishi.baba
松村祥史,https://www.yoshifumi.net/,,https://www.facebook.com/yoshifumi.matsumura.33
足立信也,https://www.adachishinya.com/,,https://www.facebook.com/%E8%B6%B3%E7%AB%8B%E4%BF%A1%E4%B9%9F%E3%81%A8%E5%AE%89%E5%BF%83%E3%81%AA%E6%97%A5%E6%9C%AC%E3%82%92%E5%89%B5%E3%82%8B%E4%BC%9A-819627454817002/
安達澄,https://www.adachi-kiyoshi.com/,https://twitter.com/adachikiyoshi1,https://www.facebook.com/adachikiyoshioffice/
長峯誠,http://www.nagaminemakoto.com/,https://twitter.com/nagamine_makoto,
松下新平,http://www.shinnpei.com/,https://twitter.com/shinpeim,https://ja-jp.facebook.com/shimpei.matsushita.9
尾辻秀久,http://www.otsuji.gr.jp/,,https://ja-jp.facebook.com/%E3%81%8A%E3%81%A4%E3%81%98%E7%A7%80%E4%B9%85-157996004367209/
野村哲郎,http://www.nomura-best.jp/,,https://www.facebook.com/nomura.best2/
伊波洋一,http://ihayoichi.jp/,https://twitter.com/ihayoichi,https://www.facebook.com/ihayoichi/
高良鉄美,https://takara-okinawa.jp/,https://twitter.com/takaratetsumi19,https://www.facebook.com/takaraokinawa/
青山繁晴,http://shiaoyama.com/,https://twitter.com/aoyamashigeharu,https://ja-jp.facebook.com/pages/category/Political-Organization/%E9%9D%92%E5%B1%B1%E7%B9%81%E6%99%B4%E4%BA%8B%E5%8B%99%E6%89%80-655432097944331/
赤池誠章,https://www.akaike.com/index.html,https://twitter.com/masaaki_akaike,https://www.facebook.com/akaike.masaaki
足立敏之,http://www.adachi-toshiyuki.jp/,,https://www.facebook.com/Adachi.Toshiyuki501/
阿達雅志,http://www.masashi-adachi.com/,https://twitter.com/adachi_masashi_,https://www.facebook.com/masashi.adachi.jimin/
有村治子,http://www.arimura.tv/,https://twitter.com/Arimura_haruko,https://www.facebook.com/haruko.arimura
石田昌宏,http://www.masahiro-ishida.com/,https://twitter.com/Senator_ISHIDA,https://www.facebook.com/masahiro.ishida.mike
今井絵理子,http://imai-eriko.jp/,https://twitter.com/Eriko_imai,https://www.facebook.com/ErikoImaiOfficialPage
宇都隆史,http://www.utotakashi.jp/,,
衛藤晟一,http://www.eto-seiichi.jp/,https://twitter.com/etoseiichi,https://ja-jp.facebook.com/eto.fanmtg/
小川克巳,http://ogawa-katsumi.com/,,https://www.facebook.com/ogawakatsu3/
片山さつき,http://www.satsuki-katayama.com/,https://twitter.com/katayama_s,https://www.facebook.com/satsukikatayama.fanpage
北村経夫,http://www.tsuneo-kitamura.jp/,https://twitter.com/kitamuraoffice,https://www.facebook.com/kitamuratsuneo/
佐藤信秋,http://www.sato-nobuaki.jp/,,
佐藤正久,http://hige-sato.jp/,https://twitter.com/SatoMasahisa,https://www.facebook.com/masahisa.sato.775
山東昭子,http://www.akiko310.com/,,https://www.facebook.com/SantoAkiko/
自見英子,http://www.jimihanako.jp/,,https://www.facebook.com/hanakojimi/
進藤金日子,https://www.shindo-kanehiko.com/,,https://ja-jp.facebook.com/people/Kanehiko-Shindo/100004379739520
園田修光,https://shuko-sonoda.com/,https://twitter.com/shuko_sonoda,
高階恵美子,http://www.takagai-emiko.net/index.html,https://twitter.com/takagaiemiko,
柘植芳文,http://www.tuge-yoshifumi.jp/,,
徳茂雅之,http://tokushige-m.jp/,,https://www.facebook.com/tokushige0502/
中西哲,http://www.s-nakanishi.jp/,,https://www.facebook.com/people/%E4%B8%AD%E8%A5%BF-%E3%81%95%E3%81%A8%E3%81%97STAFF/100011490468791
橋本聖子,http://www.seiko-hashimoto.com/,https://twitter.com/hashimoto_seiko,
羽生田俊,https://www.hanyuda-t.jp/,https://twitter.com/hanyuda_takashi,https://www.facebook.com/takashihanyudaofficial/
藤井基之,http://mfujii.gr.jp/,https://twitter.com/fujii_motoyuki,
藤木眞也,http://fujiki-shinya.com/,,
本田顕子,https://www.honda-akiko.jp/,https://twitter.com/89314honda,https://www.facebook.com/Honda.Akiko.Room/
三浦靖,https://www.miurayasushi.com/,https://twitter.com/yasushi_miura,https://www.facebook.com/miurayasushi1973
三木亨,,,
水落敏栄,https://www.facebook.com/mizuochi0224,,https://www.facebook.com/mizuochi0224
宮崎雅夫,http://miyazaki-noson.jp/,https://twitter.com/MiyazakiSangiin,https://www.facebook.com/miyazakinoson/
宮島喜文,http://y-miyajima.com/,,https://www.facebook.com/%E5%AE%AE%E5%B3%B6%E3%82%88%E3%81%97%E3%81%B5%E3%81%BF-766445450158601/
宮本周司,http://shuji-m.com/,https://twitter.com/shujimymt,https://www.facebook.com/miyamoto.shuji.1971/
山田俊男,https://www.yamada-toshio.jp/,https://twitter.com/toshio_yamada1,https://ja-jp.facebook.com/yamada.toshio.official
山田宏,https://www.yamadahiroshi.com/,https://twitter.com/yamazogaikuzo,https://www.facebook.com/yamadahiroshi.page/
山田太郎,https://taroyamada.jp/,https://twitter.com/yamadataro43,https://www.facebook.com/yamadataro43/
山谷えり子,http://www.yamatani-eriko.com/,https://twitter.com/yamatanieriko,
和田政宗,https://www.wadamasamune.net/,https://twitter.com/wadamasamune,https://www.facebook.com/%E5%8F%82%E8%AD%B0%E9%99%A2%E8%AD%B0%E5%93%A1-%E5%92%8C%E7%94%B0%E6%94%BF%E5%AE%97-501441126558333/
秋野公造,http://akino-kozo.com/,https://twitter.com/akinokozo,https://www.facebook.com/kozo.akino
河野義博,http://kawano-yoshihiro.com/,https://twitter.com/yoshihirokawano,https://www.facebook.com/kawano.kyushu.okinawa/
熊野正士,https://www.kumano-seishi.com/,https://twitter.com/kumanoseishi,https://www.facebook.com/seishi.kumano/
塩田博昭,,https://twitter.com/Shiota_Hiroaki,
竹内真二,http://www.komei.or.jp/km/komei-takeuchi-shinji/,https://twitter.com/takeuchishinji3,
谷合正明,http://www.m-taniai.net/,https://twitter.com/masaaki_taniai,https://www.facebook.com/%E8%B0%B7%E5%90%88-%E6%AD%A3%E6%98%8E-356917591444011/
新妻秀規,http://www.komei.or.jp/km/niizuma-hideki/,https://twitter.com/niizuma_hideki,https://www.facebook.com/niizuma.hideki.try/
浜田昌良,http://www.hamada-m.com/,https://twitter.com/HamadaMasayoshi,https://www.facebook.com/masayoshi.hamada.komei/
平木大作,http://miyazaki-masaru.com/,https://twitter.com/Hiraki_Daisaku,http://www.facebook.com/Hiraki.Daisaku
宮崎勝,http://miyazaki-masaru.com/,,https://www.facebook.com/masaru.miyazaki.127
山本香苗,http://www.yamamoto-kanae.com/,https://twitter.com/Yamamotokanae,https://www.facebook.com/kanaeyamamoto2001
山本博司,https://www.yamamoto-hiroshi.net/,https://twitter.com/y_hiroshi_1209,https://www.facebook.com/yamamoto.hiroshi.official/
横山信一,http://gagome-yokoyama.jp/,https://twitter.com/gagomeyokoyama,https://www.facebook.com/gagome.yokoyama/
若松謙維,https://www.network-wakamatsu.com/home.php,https://twitter.com/ken_wakamatsu,https://www.facebook.com/wakamatsukaneshige/
青木愛,http://www.aoki-ai.com/,https://twitter.com/aoki12ku,https://www.facebook.com/aokiai.politics/
有田芳生,http://www.web-arita.com/,https://twitter.com/aritayoshifu,https://www.facebook.com/aritayoshifu/
石川大我,http://www.taigaweb.jp/,https://twitter.com/ishikawataiga,https://www.facebook.com/taiga.ishikawa.31
石橋通宏,http://www.i484.jp/,https://twitter.com/ishibashi2010,https://www.facebook.com/i484.jp
江崎孝,http://esakitakashi.net/,https://twitter.com/etakashi,https://www.facebook.com/esakitakashi/
小沢雅仁,http://ozawa-masahito.jp/,https://twitter.com/ozawamasahito,
川田龍平,http://ryuheikawada.jp/,https://twitter.com/KawadaOffice,https://www.facebook.com/ryuheikawada
岸真紀子,http://kishimakiko.com/,https://twitter.com/kishimakiko_j,https://www.facebook.com/makiko.kishi.77
那谷屋正義,https://nataniya.jp/,https://twitter.com/NataniyaMasayos,https://www.facebook.com/NataniyaMasayoshi
難波奨二,http://s-namba.jp/,https://twitter.com/Namba_Shouji,https://www.facebook.com/namba.shoji/
白眞勲,https://www.haku-s.net/,,
森屋隆,http://moriya0628.com/,https://twitter.com/pru_moriya,https://www.facebook.com/0628moriyatakashi
水岡俊一,https://www.mizuoka.net/,https://twitter.com/mizuokakouenkai,https://www.facebook.com/mizuoka.shunichi/
吉川沙織,https://yoshikawasaori.com/,https://twitter.com/yoshikawasaori,https://www.facebook.com/yoshikawasaori2007/
吉田忠智,,https://twitter.com/tadatomoyoshida,
川合孝典,http://kawai-takanori.jp/,https://twitter.com/T_KAWAI_SANGIIN,https://www.facebook.com/%E3%81%8B%E3%82%8F%E3%81%84-%E3%81%9F%E3%81%8B%E3%81%AE%E3%82%8A-405467872952405/
小林正夫,http://www.kobayashimasao.jp/index_p.html,,https://www.facebook.com/%E5%8F%82%E8%AD%B0%E9%99%A2%E8%AD%B0%E5%93%A1-%E5%B0%8F%E6%9E%97%E6%AD%A3%E5%A4%AB-1481395875514681/
浜野喜史,http://www.hamano-yoshifumi.com/,https://twitter.com/hamanoyoshifumi,https://www.facebook.com/hamanoyoshifumi/
矢田稚子,http://yatawaka.com/profile.html,https://twitter.com/wako0501,https://www.facebook.com/yatawaka.fan
市田忠義,http://www.t-ichida.gr.jp/,https://twitter.com/ichida_t,
井上哲士,http://www.inoue-satoshi.com/,https://twitter.com/21csts,https://www.facebook.com/people/%E5%93%B2%E5%A3%AB%E4%BA%95%E4%B8%8A/100004454311023
岩渕友,http://iwabuchi-tomo.jp/,https://twitter.com/buchitom,https://www.facebook.com/iwabuchitomo/
紙智子,http://www.kami-tomoko.jp/,https://twitter.com/KamiTomoko,https://www.facebook.com/kamitomoko710/
小池晃,http://www.a-koike.gr.jp/,https://twitter.com/koike_akira,
大門実紀史,http://www.daimon-mikishi.jp/,https://twitter.com/mikishi_daimon1,https://www.facebook.com/daimonmikishi/
武田良介,http://takeda.jcpweb.net/,https://twitter.com/ryon_t,https://www.facebook.com/ryosuke.takeda.737
田村智子,http://www.tamura-jcp.info/,https://twitter.com/tamutomojcp,https://www.facebook.com/tamura.tomoko.jcp/
山下芳生,http://www.yamashita-yoshiki.jp/,https://twitter.com/jcpyamashita,https://www.facebook.com/yamashita.yoshiki.jcp
石井章,http://ishiiakira.com/,https://twitter.com/ishiiakiraishin,https://www.facebook.com/ishinakira/
石井苗子,http://ishiimitsuko.com/,https://twitter.com/ishii_ishin,https://twitter.com/ishii_ishin
梅村聡,https://www.umemurasatoshi.com,https://twitter.com/umemura_ishin,https://www.facebook.com/umemurasatoshi.ishin
片山虎之助,http://www.toranosuke.net/,https://twitter.com/katayama1122,
柴田巧,https://shibatatakumi.com/,https://twitter.com/shibata_twi,https://ja-jp.facebook.com/politician.takumi
鈴木宗男,https://muneo.jp/,https://twitter.com/official_s_mune,https://www.facebook.com/%E9%88%B4%E6%9C%A8%E5%AE%97%E7%94%B7-322416504543497/?ref=hl
室井邦彦,http://muroikunihiko.gr.jp/,https://twitter.com/muroi9215,https://www.facebook.com/pages/%E3%82%80%E3%82%8D%E3%81%84%E9%82%A6%E5%BD%A6/127337010784451
柳ヶ瀬裕文,http://yanagase.org/,https://twitter.com/yanagase_ootaku,
福島瑞穂,http://www.mizuhoto.org/,https://twitter.com/mizuhofukushima,https://www.facebook.com/mizuho.fukushima.35
舩後靖彦,https://reiwa-shinsengumi.com/candidates/yasuhikofunago/,https://twitter.com/yasuhikofunago,
木村英子,http://eiko-kimura.jp/,https://twitter.com/eikokimura,
浜田聡,https://www.kurashikiooya.com/,https://twitter.com/satoshi_hamada,https://www.facebook.com/satoshi.hamada.718
藤末健三,http://www.fujisue.net/,https://twitter.com/fujisue,https://www.facebook.com/fujisuekenzo/
礒崎哲史,http://isozakitetsuji.com/,https://twitter.com/IsozakiTetsuji,https://www.facebook.com/isozakitetsuji.jaw/
田村麻美,https://mamitamura.com/,https://twitter.com/mamitamuratw,https://www.facebook.com/mamitamurabook
浜口誠,http://www.hamaguchimakoto.com/,https://twitter.com/HamaMako0518,https://www.facebook.com/hamaguchimakoto.jp/
須藤元気,https://sudogenki.com/,https://twitter.com/genki_sudo,
渡辺喜美,http://watanabeyoshimi.wixsite.com/watanabeyoshimi,,https://www.facebook.com/watanabe.yoshimi.office/
